A-000000-01909;AUDIO SERVICE MOOD 16 PROTHESE AUDITIVE mood 16 rite Audio service prix;audio_service
A-000000-00067;Infiniti Pro ITE;autre
A-000000-00068;Infiniti Pro;autre
A-000000-00069;Infiniti Pro SP;autre
A-000000-00078;Cielo 2 ITE;autre
A-000000-00079;Nitro CIC;autre
A-000000-00080;Cielo 2 Active;autre
A-000000-00081;Cielo 2 Life;autre
A-000000-00082;Cielo 2 S;autre
A-000000-00083;Cielo 2 VC;autre
A-000000-00084;Cielo 2 P;autre
A-000000-00085;Cielo 2 SP;autre
A-000000-00091;Centra ITE;autre
A-000000-00092;Nitro 16;autre
A-000000-00093;Centra Active;autre
A-000000-00094;Centra Life;autre
A-000000-00095;Centra M;autre
A-000000-00096;Centra P;autre
A-000000-00097;Centra HP;autre
A-000000-00098;Centra SP;autre
A-000000-00102;100 ITE;autre
A-000000-00173;AQ COMFORT;autre
A-000000-00529;EXTRA 211 AZ;autre
A-000000-01053;EXELIA ART CIC;autre
A-000000-01054;EXELIA ART Micro BTE;autre
A-000000-01055;EXELIA ART Micro  Petit BTE;autre
A-000000-01056;EXELIA ART ITE / ITC;autre
A-000000-01057;EXELIA ART ITE;autre
A-000000-01058;EXELIA ART BTE;autre
A-000000-01059;VERSATA ART  CIC;autre
A-000000-01060;VERSATA ART Intraconque;autre
A-000000-01061;VERSATA ART ITE;autre
A-000000-01062;VERSATA ART Micro BTE;autre
A-000000-01063;VERSATA ART Micro BTE Petite;autre
A-000000-01064;VERSATA ART CIC;autre
A-000000-01065;VERSATA ART BTE SP;autre
A-000000-01066;CERTENA ART BTE SP;autre
A-000000-01067;CERTENA ART BTE M;autre
A-000000-01068;CERTENA ART Micro BTE Petite;autre
A-000000-01069;CERTENA ART Micro BTE;autre
A-000000-01070;CERTENA ART CIC;autre
A-000000-01071;CERTENA ART ITE ITC;autre
A-000000-01072;CERTENA ART CIC;autre
A-000000-01093;NAIDA  UP IX;autre
A-000000-01094;NAIDA  V  SP;autre
A-000000-01095;NAIDA  UP V;autre
A-000000-01097;NAIDA  UP III;autre
A-000000-01098;NAIDA BTE UP I;autre
A-000000-01099;NAIDA BTE SP I;autre
A-000000-01100;NIOS MICRO BTE V;autre
A-000000-01101;NIOS MICRO BTE III;autre
A-000000-01102;OK PLUS BTE M CMU;autre
A-000000-01103;OK PLUS SP CMU;autre
A-000000-01232;DOT  2 10 RITE ou DOT2 160;autre
A-000000-01233;SPARX 90;autre
A-000000-01239;MA2T70 V CMU;autre
A-000000-01240;MA2T80 V CMU;autre
A-000000-01241;VINKING 90 CMU;autre
A-000000-01247;REACH 62 D;autre
A-000000-01283;S 90;autre
A-000000-01287;PASSPORT Contour d'oreille;autre
A-000000-01323;Latitude 8 moxi 3g;autre
A-000000-01334;S series IQ 7 RIC;autre
A-000000-01335;S series IQ 9 RIC;autre
A-000000-01339;Ambra petite BTE;autre
A-000000-01343;E series 3 RIC;autre
A-000000-01344;BTE 13;autre
A-000000-01348;Intra ITE;autre
A-000000-01349;Intra ITC;autre
A-000000-01361;Devis de réparation;autre
A-000000-01363;Solana 312 petite ITE;autre
A-000000-01385;Motion 701 DM;autre
A-000000-01391;Sumo DM;autre
A-000000-01393;Safari 900 BTE 312;autre
A-000000-01394;Safari 900 BTE Power;autre
A-000000-01397;Safari 300 BTE 312;autre
A-000000-01398;Safari 300 BTE Power;autre
A-000000-01399;GO PRO BTE power directionnel;autre
A-000000-01400;GO PRO ITE CONQUE;autre
A-000000-01414;Go Pro ITE CONQUE Power;autre
A-000000-01433;SPARX 90 VI;autre
A-000000-01434;Cassia 312 petite ITE;autre
A-000000-01435;Cassia 312 UZ Petite;autre
A-000000-01473;CHRONOS 7 ITE;autre
A-000000-01474;CHRONOS 7 CIC;autre
A-000000-01475;CHRONOS 9 ITE;autre
A-000000-01486;VERAS 7 CIC;autre
A-000000-01488;VERAS 5 CIC;autre
A-000000-01519;NAIDA  S IX SP;autre
A-000000-01555;puce auditive prix audioprothese;autre
A-000000-01556;Puce auditive;autre
A-000000-01557;appareil auditif;autre
A-000000-01566;Quantum 2O HP;autre
A-000000-01570;Quantum 20 S;autre
A-000000-01571;QUANTUM 12 S;autre
A-000000-01573;QUANTUM 6 S;autre
A-000000-01574;QUANTUM 6 HP;autre
A-000000-01576;QUANTUM 20 ITE;autre
A-000000-01590;MOVE 106 BTE;autre
A-000000-01591;MOVE 105 BTE;autre
A-000000-01592;MOVE 112 BTE;autre
A-000000-01593;ICOS 106 BTE;autre
A-000000-01594;ICOS 105 BTE;autre
A-000000-01595;PRIO 106;autre
A-000000-01596;Prio 106;autre
A-000000-01597;Prio 105;autre
A-000000-01601;Neo 112;autre
A-000000-01606;ICOS MC;autre
A-000000-01608;ICOS ITE;autre
A-000000-01690;X SERIE;autre
A-000000-01691;ZON 3, 5 OU 7;autre
A-000000-01771;APPAREIL AUDITIF PRIX appareil auditif;autre
A-000000-01785;APPAREIL AUDITIF audioprothese;autre
A-000000-01865;invisible;autre
A-000000-01910;COSELGI VIVACE PROTHESE AUDITIVE PRIX;autre
A-000000-01949;Alta2 Pro Mini Rite alta 2 pro;autre
A-000000-01995;MIND 220 19 PRIX AUDIOPROTHESE;autre
A-000000-02121;DIGITRIM 12S AM Pile 13;autre
A-000000-02122;DIGITRIM 12XP AM Pile 675;autre
A-000000-02123;AURORA 4 PRO P AM;autre
A-000000-02124;AURORA 2 S  AM COUDE/ OPEN;autre
A-000000-02125;AURORA 4 PRO OPEN AM;autre
A-000000-02126;AURORA 8 PRO OPEN AM;autre
A-000000-02128;Lunettes auditives BHM;autre
A-000000-02234;Appareil auditif en conduction osseuse;autre
A-000000-02240;Lunettes à conduction osseuse Branches AN EVO1 BHM surdité mixte;autre
A-000000-02241;Lunettes à conduction osseuse Branches  CONTACT STAR EVO1 BHM surdité mixte;autre
A-000000-02310;Boitier Apollon BHM surdité mixte;autre
A-000000-00526;Reach 62D 62 D BELTONE Prix;beltone
A-000000-01248;Reach 63 D BELTONE Prix appareil auditif correcteur de surdite;beltone
A-000000-01249;Reach 66 D BELTONE;beltone
A-000000-01250;Reach 76 D BELTONE;beltone
A-000000-01251;Reach 86 D BELTONE;beltone
A-000000-01252;Touch 17 BELTONE APPAREIL ELECTRONIQUE CORRECTEUR DE SURDITE;beltone
A-000000-01253;Reach 15xs BELTONE;beltone
A-000000-01254;Reach 15 BELTONE;beltone
A-000000-01255;Reach 25 BELTONE;beltone
A-000000-01256;Reach 35 BELTONE;beltone
A-000000-01257;Reach 35 D PB BELTONE;beltone
A-000000-01258;Reach 45 D PB HPG BELTONE;beltone
A-000000-01259;Identity 62 D BELTONE;beltone
A-000000-01260;Identity 63 D BELTONE;beltone
A-000000-01261;Identity 66 D BELTONE;beltone
A-000000-01262;Identity 76 D BELTONE;beltone
A-000000-01263;Identity 86 D BELTONE;beltone
A-000000-01264;BELTONE Force 95 Beltone surpuissant prix;beltone
A-000000-01265;Touch 9 BELTONE;beltone
A-000000-01266;Identity 15xs BELTONE;beltone
A-000000-01267;Identity 15 BELTONE APPAREIL CORRECTEUR SURDITE;beltone
A-000000-01268;Identity 35 BELTONE;beltone
A-000000-01269;Change 62 D BELTONE;beltone
A-000000-01270;Change 75 BELTONE;beltone
A-000000-01271;Change 75 D BELTONE;beltone
A-000000-01272;Change 85 BELTONE;beltone
A-000000-01273;Change 85 D BELTONE;beltone
A-000000-01274;Change 15xs Beltone;beltone
A-000000-01275;Change 15 BELTONE;beltone
A-000000-01276;Change 35 BELTONE;beltone
A-000000-01277;Turn 3 Trimmers 75 CMU BELTONE;beltone
A-000000-01278;Turn 3 Trimmers 85 CMU BELTONE;beltone
A-000000-01279;Turn 3 Trimmers 95 CMU BELTONE;beltone
A-000000-01281;Turn 2 Trimmers 75 CMU BELTONE;beltone
A-000000-01282;Turn 2 Trimmers 85 CMU BELTONE;beltone
A-000000-01284;TBR62 BELTONE;beltone
A-000000-01285;TBR76 BELTONE;beltone
A-000000-01286;TBR25 BELTONE;beltone
A-000000-01813;APPAREIL CORRECTEUR ELECTRONIQUE BELTONE TRUE 6 Beltone true 6;beltone
A-000000-01819;true 9 beltone prix appareil correcteur de surdité;beltone
A-000000-01820;APPAREIL ELECTRONIQUE CORRECTEUR BELTONE true 17 beltone 1763 DW Prix appareil auditif;beltone
A-000000-01939;APPAREIL CORRECTEUR ELECTRONIQUE BELTONE PROMISE 6 Beltone  promise 6;beltone
A-000000-01963;BELTONE PROMISE 9 prix audioprothése correcteur électronique de surdité;beltone
A-000000-01966;BELTONE PROMISE 17 66 1766 prix appareil auditif;beltone
A-000000-01980;MICRO INVISA BELTONE PRIX;beltone
A-000000-02029;BELTONE PROMISE 6 Beltone  promise 6;beltone
A-000000-02030;BELTONE INVISA appareil électronique correcteur de surdité invisible;beltone
A-000000-02063;RESOUND LEX 8 Audio prothèse 800 à adaptation immédiate équivalent prime plus beltone;beltone
A-000000-02071;électronique correcteur de surdité BELTONE PRIME M Open;beltone
A-000000-02079;BELTONE PRIME PLUS PRP05 M à adaptation immédiate;beltone
A-000000-02104;BELTONE FIRST 1763 appli apple iphone smartphone;beltone
A-000000-02159;BELTONE  TRUE 17 ITE TRU1745 W;beltone
A-000000-02249;BELTONE LEGEND 17 LND17 CIC LP;beltone
A-000000-02250;BELTONE LEGEND 17 LND17 CIC MP;beltone
A-000000-02252;BELTONE  LEGEND 17 LND 1763 DRW appareil auditif;beltone
A-000000-02253;BELTONE  LEGEND 9 LND 976 DW appareil auditif;beltone
A-000000-02254;BELTONE  LEGEND 17 LND 1776 DW appareil auditif;beltone
A-000000-02255;BELTONE  LEGEND 9 LND 986 DW appareil auditif;beltone
A-000000-02256;BELTONE  LEGEND 17 LND 1786 DW appareil auditif;beltone
A-000000-01467;BERNAFON CHRONOS 5 BTE PRIX APPAREIL AUDITIF BERNAFON;bernafon
A-000000-01468;BERNAFON CHRONOS 5 NANO APPAREIL AUDITIF BERNAFON NOTRE AVIS : PRODUIT OBSOLETE;bernafon
A-000000-01469;PROTHESE AUDITIVE BERNAFON CHRONOS 5 ITE;bernafon
A-000000-01470;BERNAFON CHRONOS 5 CIC APPAREIL AUDITIF BERNAFON;bernafon
A-000000-01471;BERNAFON CHRONOS 7 BTE PROTHESE AUDITIVE BERNAFON;bernafon
A-000000-01472;CHRONOS 7 NANO bernafon;bernafon
A-000000-01476;BERNAFON CHRONOS 9 BTE PROTHESE AUDITIVE BERNAFON CHRONOS;bernafon
A-000000-01477;BERNAFON CHRONOS 9 NANO PROTHESE AUDITIVE;bernafon
A-000000-01478;BERNAFON CHRONOS 9 CIC PROTHESE AUDITIVE BERNAFON PRIX;bernafon
A-000000-01479;bernafon VERAS 9;bernafon
A-000000-01480;VERAS 9 NANO bernafon;bernafon
A-000000-01481;BERNAFON VERAS 9 ITE;bernafon
A-000000-01482;VERAS 9 bernafon;bernafon
A-000000-01483;bernafon VERAS 7;bernafon
A-000000-01484;VERAS 7 BERNAFON NANO;bernafon
A-000000-01485;BERNAFON VERAS 7 ITE;bernafon
A-000000-01487;VERAS 5 bernafon;bernafon
A-000000-01489;VERAS 5 BERNAFON NANO;bernafon
A-000000-01598;Prio 112;bernafon
A-000000-01599;Neo 102;bernafon
A-000000-01600;Neo 105;bernafon
A-000000-01602;WIN 102 CMU;bernafon
A-000000-01603;WIN 105 CMU;bernafon
A-000000-01604;WIN 112 CMU;bernafon
A-000000-01605;ICOS Bernafon CIC;bernafon
A-000000-01607;ICOS Bernafon;bernafon
A-000000-01609;MOVE ITC;bernafon
A-000000-01610;MOVE Bernafon CIC;bernafon
A-000000-01611;PRIO CIC;bernafon
A-000000-01612;PRIO MC;bernafon
A-000000-01613;Prio Bernafon itc;bernafon
A-000000-01614;PRIO ITE;bernafon
A-000000-01615;NEO CIC;bernafon
A-000000-01616;NEO MC;bernafon
A-000000-01617;NEO ITC;bernafon
A-000000-01618;NEO ITE;bernafon
A-000000-01619;WIN CIC CMU;bernafon
A-000000-01620;WIN MC CMU;bernafon
A-000000-01621;WIN ITC CMU;bernafon
A-000000-01622;WIN ITE CMU;bernafon
A-000000-01629;Hansaton AQ 2G X Mini prothese auditive;bernafon
A-000000-01643;AQ intra conque hansaton audioprothese rechargeable proposée par l'audioprothésiste aux malentendants très agés et malhabiles;bernafon
A-000000-01644;AQ intra conque;bernafon
A-000000-01672;Dynamic VC CMU;bernafon
A-000000-01799;CHRONOS 7 NANO rite bernafon;bernafon
A-000000-01800;CHRONOS 9 NANO rite bernafon;bernafon
A-000000-02033;BERNAFON ACRIVA 7 NANO PRIX;bernafon
A-000000-02034;BERNAFON ACRIVA 9 NANO ET BTE PRIX;bernafon
A-000000-02060;SIEMENS Nitro 7 mi micon 7mi prix cic ou itc;bernafon
A-000000-02061;SIEMENS NITRO 3 MI micon 3mi cic itc;bernafon
A-000000-02115;BERNAFON JUNA 9;bernafon
A-000000-02160;BERNAFON JUNA PICO RITE;bernafon
A-000000-02244;JUNA 7  PICO RITE bernafon;bernafon
A-000000-02245;JUNA 9 PICO RITE bernafon;bernafon
A-000000-02246;BELTONE LEGEND 9 LND9 CIC;bernafon
A-000000-02247;BELTONE  LEGEND 9 LND9 IIC INVISIBLE;bernafon
A-000000-02248;BELTONE  LEGEND 9 LND 963 DRW appareil auditif;bernafon
A-000000-02251;BELTONE  LEGEND 17 LND17 IIC INVISIBLE;bernafon
A-000000-02279;BEFLEX PICO RITE   BERNAFON;bernafon
A-000000-02280;BEFLEX NANO BTE BERNAFON;bernafon
A-000000-02281;BEFLEX POWER BTE    BERNAFON;bernafon
A-000000-02282;BERNAFON NEVARA 1 CPX N NR BTE;bernafon
A-000000-02283;BERNAFON NEVARA 1 NANO RITE;bernafon
A-000000-02284;BERNAFON NEVARA 1 CIC PROTHESE AUDITIVE BERNAFON PRIX;bernafon
A-000000-02131;REXTON STRATA 24 12 2c classe D;biotone
A-000000-02136;REXTON CHARISMO 18 36 2 c;biotone
A-000000-02137;REXTON FINESSE 18 36 2C classe D;biotone
A-000000-02332;Emerald S 80 RIC 312 4C REXTON QuadCore;biotone
A-000000-02333;Emerald S 60 RIC 312 4C REXTON QuadCore;biotone
A-000000-02334;Emerald S 40 RIC 312 4C REXTON QuadCore;biotone
A-000000-02335;Emerald M 80 RIC 13 4C REXTON QuadCore;biotone
A-000000-02336;Emerald M 60 RIC 13 4C REXTON QuadCore;biotone
A-000000-02337;Emerald M 40 RIC 13 4C REXTON QuadCore;biotone
A-000000-02338;Emerald XS 80 RIC10 4C REXTON QuadCore;biotone
A-000000-02339;Emerald XS 40 RIC10 4C REXTON QuadCore;biotone
A-000000-02340;Mosaic M 80 BTE 4C REXTON QuadCore;biotone
A-000000-02341;Mosaic M 60 BTE 4C REXTON QuadCore;biotone
A-000000-02342;Mosaic M40 BTE 4C REXTON QuadCore;biotone
A-000000-02343;Mosaic P40 BTE 4C REXTON QuadCore;biotone
A-000000-02344;Mosaic P 80 BTE 4C REXTON QuadCore;biotone
A-000000-02345;Mosaic P 60 BTE 4C REXTON QuadCore;biotone
A-000000-02346;Strata 8 2C RIC 312 REXTON TwinCore;biotone
A-000000-01623;Prothese auditive prix AQ 2G X Mini hansaton;hansaton
A-000000-01630;rechargeable AQ 2 G X Mini comfort IC2 hansaton prix prothese auditive;hansaton
A-000000-01631;Prothèse auditive prix auriga X mini hansaton;hansaton
A-000000-01632;Prix prothèse auditive Auriga Mini Hansaton;hansaton
A-000000-01633;Auriga Slim ic2 hansaton prothese auditive;hansaton
A-000000-01634;Veneto X mini hansaton prothese auditive;hansaton
A-000000-01635;Veneto Mini prothese auditive HANSATON;hansaton
A-000000-01636;Veneto Slim prothese auditive HANSATON;hansaton
A-000000-01637;Lumeo X Mini hansaton;hansaton
A-000000-01638;Lumeo Mini hansaton prothese auditive;hansaton
A-000000-01639;Lumeo Slim IC 2 hansaton prothese auditive;hansaton
A-000000-01640;Cemia X mini appareil auditif hansaton;hansaton
A-000000-01641;Prix prothese auditive Cemia  mini hansaton;hansaton
A-000000-01642;Cemia  Slim IC2 prothese auditive hansaton;hansaton
A-000000-01645;AQ intra conque;hansaton
A-000000-01646;Auriga  prothese auditive HANSATON;hansaton
A-000000-01647;Auriga canal prothese auditive hansaton;hansaton
A-000000-01648;Prix prothèse auditive Auriga conque;hansaton
A-000000-01649;Veneto conque hansaton prix appareil auditif;hansaton
A-000000-01650;Veneto cic Hansaton prix;hansaton
A-000000-01651;Veneto canal;hansaton
A-000000-01652;prothese auditive Lumeo canal Hansaton;hansaton
A-000000-01653;Lumeo cic hansaton appareil auditif prix;hansaton
A-000000-01654;Lumeo conque;hansaton
A-000000-01655;Velvet X mini prothese auditive hansaton;hansaton
A-000000-01656;Velvet Power prothese auditive;hansaton
A-000000-01657;Velvet Mini hansaton;hansaton
A-000000-01658;Espria X mini hansaton;hansaton
A-000000-01659;hansaton Espria Power;hansaton
A-000000-01660;Espria Mini hansaton;hansaton
A-000000-01661;Prothese auditive AQ Exclusive;hansaton
A-000000-01662;AQ Pro prothese auditive Hansaton;hansaton
A-000000-01663;Prix prothèse auditive Loona X mini hansaton;hansaton
A-000000-01664;Loona Power hansaton prothese auditive;hansaton
A-000000-01665;Hansaton Loona Mini;hansaton
A-000000-01667;Style Pro Mini;hansaton
A-000000-01668;Relaxx Pro;hansaton
A-000000-01669;Fresh Pro;hansaton
A-000000-01670;Base MP;hansaton
A-000000-01671;Appareil auditif dynamic HP VC;hansaton
A-000000-01673;Lite 3 VC CMU;hansaton
A-000000-01674;Base HP CMU;hansaton
A-000000-01675;Base 1;hansaton
A-000000-01842;Auriga power ic2 Hansaton prothese auditive;hansaton
A-000000-01843;Veneto power prothese auditive HANSATON;hansaton
A-000000-01844;Lumeo power prothese auditive hansaton;hansaton
A-000000-01845;Cemia  power ic2 hansaton prothese auditive;hansaton
A-000000-01846;AQ 2G X Mini First IC2 prothèse auditive hansaton;hansaton
A-000000-01847;Appareil auditif rechargeable AQ2GX Mini Business IC2 prothese auditive Hansaton prix;hansaton
A-000000-01848;rechargeable AQ2 GX Mini  Economy ic2 prothese auditive hansaton;hansaton
A-000000-01849;rechargeable AQ 2G X mini soul Business IC2 prothese auditive Hansaton;hansaton
A-000000-01850;Prothese auditive AQ 2G X mini soul economie IC2 Hansaton;hansaton
A-000000-01851;Soul business Slim ic2 HANSATON;hansaton
A-000000-01852;Soul economy Slim IC 2 hansaton;hansaton
A-000000-01994;sans pile Soul Mini Hansaton prix;hansaton
A-000000-02039;Sorino X mini Hansaton buetooth prix Audiomédi audioprothese wireles wifi avec accu  rechargeable sans pile;hansaton
A-000000-02040;Inara X mini Hansaton Audiomédi audioprothese compatible bluetooth;hansaton
A-000000-02041;Antaro X mini Hansaton buetooth prix Audiomédi audioprothese wireles wifi avec accu  rechargeable sans pile;hansaton
A-000000-02035;Systeme cros phonak sans fil wifi pour audio prothèse existe aussi chez interton;interton
A-000000-02300;centro 4 Interton appareil auditif mfi ct461;interton
A-000000-02309;centro 6 Interton appareil auditif mfi CT661;interton
A-000000-01872;Prix Aide auditive Sébotek HD 16 Newson Newson sebotek;newson
A-000000-01873;Prix prothese auditive Sébotek HD 12 Newson NEWSON SEBOTEK 12;newson
A-000000-02067;Sebotek Newson HD6;newson
A-000000-02068;Sebotek Newson HD2;newson
A-000000-00005;Dual V;oticon
A-000000-00026;DUAL MINI M7;oticon
A-000000-00121;AGIL RITE;oticon
A-000000-00150;Oticon Agil Pro Mini Rite;oticon
A-000000-00160;OTICON AGIL PRO RITE;oticon
A-000000-00162;Oticon Agil Mini Rite;oticon
A-000000-00175;OTICON AGIL PRO;oticon
A-000000-00176;OTICON AGIL  BTE PRIX APPAREIL AUDITIF;oticon
A-000000-00226;APPAREIL AUDITIF OTICON AGIL PRO POWER agil pro oticon prix;oticon
A-000000-00227;AGIL POWER OTICON;oticon
A-000000-00228;AGIL PRO ITE OTICON AGIL PRO PRIX APPAREIL AUDITIF;oticon
A-000000-00229;OTICON AGIL PRO CIC;oticon
A-000000-00230;AGIL PRO CIC POWER;oticon
A-000000-00231;PRODITION AGIL ITE OTICON PRIX AUDIOPROTHESE prodition;oticon
A-000000-00232;AGIL OTICON;oticon
A-000000-00233;AGIL CIC POWER;oticon
A-000000-00234;VIGO PRO BTE CONNECT;oticon
A-000000-00235;VIGO PRO BTE POWER CONNECT;oticon
A-000000-00236;VIGO PRO RITE CONNECT;oticon
A-000000-00237;VIGO PRO RITE POWER CONNECT;oticon
A-000000-00245;VIGO BTE CONNECT;oticon
A-000000-00246;VIGO BTE POWER CONNECT;oticon
A-000000-00247;VIGO RITE POWER CONNECT;oticon
A-000000-00248;VIGO RITE CONNECT;oticon
A-000000-00249;VIGO PRO ITE CONNECT;oticon
A-000000-00250;VIGO PRO CIC;oticon
A-000000-00251;VIGO PRO CIC POWER;oticon
A-000000-00252;VIGO ITE CONNECT;oticon
A-000000-00253;VIGO CIC;oticon
A-000000-00254;VIGO CIC POWER;oticon
A-000000-00255;HIT PRO OTICON;oticon
A-000000-00256;HIT PRO BTE POWER;oticon
A-000000-00257;HIT PRO RITE;oticon
A-000000-00258;HIT BTE;oticon
A-000000-00259;HIT BTE POWER;oticon
A-000000-00260;HIT PRO ITE;oticon
A-000000-00261;HIT PRO CIC;oticon
A-000000-00262;HIT PRO CIC POWER;oticon
A-000000-00263;HIT ITE;oticon
A-000000-00264;HIT CIC;oticon
A-000000-00265;HIT CIC POWER;oticon
A-000000-00266;GO PRO OTICON;oticon
A-000000-00267;GO PRO BTE POWER;oticon
A-000000-00268;DUAL MINI M5;oticon
A-000000-00269;DUAL MINI M9;oticon
A-000000-00270;DUAL PRO;oticon
A-000000-00271;DUAL CONNECT V;oticon
A-000000-00272;DUAL CONNECT W;oticon
A-000000-00273;DUAL CONNECT XW;oticon
A-000000-00284;GO BTE CMU;oticon
A-000000-00285;GO POWER BTE CMU;oticon
A-000000-00343;MIND 220 CIC;oticon
A-000000-00372;AGIL  BTE TEST;oticon
A-000000-00373;TEST21/07/2010;oticon
A-000000-00374;AGIL  BTE TEST2;oticon
A-000000-01185;OTICON CHILI SP 9 SURPUISSANT SP9 PRIX oticon 78 dB de gain 139 dB de niveau de sortie;oticon
A-000000-01186;OTICON CHILI SP 7 SP7;oticon
A-000000-01187;OTICON CHILI SP 5 SP5 oticon surpuissant;oticon
A-000000-01188;SAFARI 900 SP;oticon
A-000000-01189;SAFARI 600 SP;oticon
A-000000-01190;SAFARI 300 SP;oticon
A-000000-01345;Ino Pro BTE Power;oticon
A-000000-01346;Ino Pro Mini Rite;oticon
A-000000-01347;Ino Pro Rite;oticon
A-000000-01350;PRODITION INO CIC OTICON INO CIC PRIX APPAREIL AUDITIF;oticon
A-000000-01351;Ino CIC POWER;oticon
A-000000-01352;Ino ITE;oticon
A-000000-01353;Ino ITC;oticon
A-000000-01354;Ino CIC;oticon
A-000000-01355;Ino MIC CIC Power;oticon
A-000000-01357;OTICON Ino BTE;oticon
A-000000-01358;Ino BTE Power;oticon
A-000000-01359;Ino Rite;oticon
A-000000-01392;Sumo XP Oticon;oticon
A-000000-01395;Safari 600 oticon 312;oticon
A-000000-01396;Safari 600 Power Oticon;oticon
A-000000-01401;Acto Pro Rite;oticon
A-000000-01402;Acto OTICON;oticon
A-000000-01403;Acto Pro Mini Oticon;oticon
A-000000-01404;Acto Mini Rite oticon;oticon
A-000000-01405;Acto Pro BTE;oticon
A-000000-01406;Acto BTE;oticon
A-000000-01407;Acto Pro BTE Power;oticon
A-000000-01408;Acto Pro ITE OTICON ACTO PRO APPAREIL AUDITIF PRIX;oticon
A-000000-01409;Acto ITE;oticon
A-000000-01410;Acto Pro CIC;oticon
A-000000-01411;Acto OTICON Prix audioprothese;oticon
A-000000-01412;Acto Pro MIC CIC Power;oticon
A-000000-01413;Acto MIC CIC Power oticon prix;oticon
A-000000-01415;Go Pro MIC CIC;oticon
A-000000-01416;Ino Pro BTE;oticon
A-000000-01417;Ino Pro ITE;oticon
A-000000-01418;Ino Pro ITC;oticon
A-000000-01419;Ino Pro MIC CIC;oticon
A-000000-01420;Ino Pro MIC CIC Power;oticon
A-000000-01677;APPAREIL AUDITIF INTIGA 10 OTICON;oticon
A-000000-01678;APPAREIL AUDITIF INTIGA 8 OTICON;oticon
A-000000-01679;Intiga 6 OTICON;oticon
A-000000-01814;Appareil auditif invisible Intiga 8 iic OTICON;oticon
A-000000-01815;Intiga i 10 iic OTICON appareil auditif invisible;oticon
A-000000-01816;Intiga i 10 OTICON;oticon
A-000000-01817;prothese auditive Intiga 10 mini bte OTICON PRIX APPAREIL AUDITIF;oticon
A-000000-01818;Intiga 8 mini bte OTICON PROTHESE AUDITIVE PRIX;oticon
A-000000-01829;Performance OTICON;oticon
A-000000-01914;Oticon get cic;oticon
A-000000-01957;Oticon Alta Mini Rite;oticon
A-000000-01970;Oticon Alta ITE;oticon
A-000000-01982;Oticon Alta 2 Pro BTE 85;oticon
A-000000-01983;Oticon Alta 2 BTE 100;oticon
A-000000-01984;Oticon Alta Pro Mini BTE 85;oticon
A-000000-01985;Oticon Alta Mini BTE;oticon
A-000000-01993;Oticon Alta CIC;oticon
A-000000-02064;Oticon Nera Pro Mini Rite Inium;oticon
A-000000-02069;Oticon Sensei Pro Inium;oticon
A-000000-02070;Oticon Nera Mini Rite Inium;oticon
A-000000-02092;Oticon Ria 2 mini rite prix;oticon
A-000000-02109;Oticon Nera Pro iic intra auriculaire invisible wireless;oticon
A-000000-02132;Oticon ria Pro iic intra invisible wireless;oticon
A-000000-02134;Oticon Nera Design Rite;oticon
A-000000-02135;Oticon Alta Pro intra iic invisible wireless;oticon
A-000000-02157;Oticon ria iic intra invisible wireless;oticon
A-000000-02170;Oticon Alta 2 Pro Design Rite appareil auditif;oticon
A-000000-02171;Oticon Alta 2  Design Rite appareil auditif;oticon
A-000000-02172;Oticon Alta 2 Pro intra iic invisible wireless appareil auditif;oticon
A-000000-02258;Oticon Nera 2 iic intra auriculaire invisible wireless;oticon
A-000000-02259;Oticon Nera 2 pro Design Rite;oticon
A-000000-02260;Oticon Nera 2 Mini Rite;oticon
A-000000-02261;Oticon Nera 2  Pro Mini Rite;oticon
A-000000-02262;Oticon Nera 2 Pro Rite;oticon
A-000000-02263;Oticon Nera 2 Rite;oticon
A-000000-02266;OTICON DYNAMO SP 4 sp4 surpuissant;oticon
A-000000-02267;OTICON DYNAMO SP 6 sp6 surpuissant;oticon
A-000000-02268;OTICON DYNAMO SP8 SP 8 surpuissant;oticon
A-000000-02269;OTICON DYNAMO SP10 SP 10 surpuissant;oticon
A-000000-02285;Oticon get bte;oticon
A-000000-02347;Oticon opn 1 miniRite appareil auditif IFTTT;oticon
A-000000-00116;Phonak Audéo S mini 3;phonak
A-000000-00120;Phonak Audéo S mini 5;phonak
A-000000-01073;MILO PLUS ITE CIC PHONAK PRIX AUDIOPROTHESE;phonak
A-000000-01074;MILO PLUS  ITC;phonak
A-000000-01075;MILO PLUS Intraconque;phonak
A-000000-01076;MILO PLUS Micro BTE;phonak
A-000000-01077;MILO PLUS BTE SP;phonak
A-000000-01078;MILO PLUS BTE UP;phonak
A-000000-01079;MILO BTE UP;phonak
A-000000-01080;MILO BTE SP;phonak
A-000000-01081;MILO Micro BTE;phonak
A-000000-01082;AUDEO YES IX;phonak
A-000000-01083;AUDEO YES V;phonak
A-000000-01084;AUDEO YES III;phonak
A-000000-01085;Phonak AUDEO SMART IX;phonak
A-000000-01086;phonak AUDEO MINI IX;phonak
A-000000-01087;Phonak AUDEO MINI V;phonak
A-000000-01088;PHONAK AUDEO MINI III;phonak
A-000000-01089;PHONAK AUDEO ZIP IX PRIX AUDEO ZIP PHONAK;phonak
A-000000-01090;AUDEO ZIP V;phonak
A-000000-01091;PHONAK AUDEO ZIP III PRIX audéo Phonak;phonak
A-000000-01092;PHONAK NAIDA  SP IX PRIX APPAREIL AUDITIF NAIDA 9 SP PHONAK PROTHESE AUDITIVE PRIX;phonak
A-000000-01096;PHONAK NAIDA  SP III PRIX APPAREIL AUDITIF NAIDA 3 SP PHONAK PROTHESE AUDITIVE PRIX;phonak
A-000000-01324;Phonak Ambra 10 petite prix audioprothese;phonak
A-000000-01325;PHONAK Ambra 312 petite ou ambra 312 petite UZ;phonak
A-000000-01326;Ambra 312 UZ  phonak;phonak
A-000000-01328;Phonak Ambra petite;phonak
A-000000-01340;Ambra micro P phonak;phonak
A-000000-01341;Ambra SP phonak;phonak
A-000000-01342;PHONAK Cassia 10 petite;phonak
A-000000-01362;Phonak Solana 10 petite;phonak
A-000000-01436;Cassia 312 Phonak;phonak
A-000000-01437;Phonak Cassia 312 UZ;phonak
A-000000-01438;Cassia 13 UZ phonak;phonak
A-000000-01439;PHONAK Cassia petite;phonak
A-000000-01440;Cassia micro M Phonak;phonak
A-000000-01441;Phonak Cassia micro P;phonak
A-000000-01442;PHONAK Cassia SP;phonak
A-000000-01443;Solana conque phonak;phonak
A-000000-01444;Solana 312 Phonak;phonak
A-000000-01445;Phonak Solana 312 UZ;phonak
A-000000-01446;Solana 13 UZ phonak;phonak
A-000000-01447;Solana petite phonak;phonak
A-000000-01448;Solana micro M Phonak;phonak
A-000000-01449;Solana SP phonak;phonak
A-000000-01450;Solana MicroP phonak;phonak
A-000000-01451;Phonak Audeo S spice SMART Ceramique IX;phonak
A-000000-01452;Phonak Audeo S SMART Ceramique V;phonak
A-000000-01453;CROS PHONAK BTE SANS FIL PRIX;phonak
A-000000-01454;SYSTEME AUDITIF CROS PHONAK INTRA AURICULAIRE ITE SANS FIL WIFI PRIX AUDIOPROTHESE;phonak
A-000000-01507;Phonak audeo s Yes III;phonak
A-000000-01513;NAIDA I UP PHONAK PRIX APPAREIL AUDITIF PHONAK NAIDA 1 UP PRIX PROTHESE AUDITIVE;phonak
A-000000-01514;NAIDA  S UP III Phonak appareil auditif Phonak naida 3 s up prix prothese auditive étanche;phonak
A-000000-01515;PRIX APPAREIL AUDITIF NAIDA  S UP IX Phonak prix prothese auditive naida 9 s up;phonak
A-000000-01516;PHONAK NAIDA  S UP V PRIX APPAREIL AUDITIF NAIDA 5 S UP PRIX PROTHESE AUDITIVE;phonak
A-000000-01517;PHONAK NAIDA  S V  SP APPAREIL AUDITIF PRIX PHONAK NAIDA 5 S SP PROTHESE AUDITIVE;phonak
A-000000-01518;PHONAK NAIDA  S III SP APPAREIL AUDITIF PRIX NAIDA 3 SP PHONAK PROTHESE AUDITIVE PRIX;phonak
A-000000-01682;Audeo s smart 3 Phonak appareil auditif compatible systeme cros sans fil wifi;phonak
A-000000-01683;Audeo s spice smart 9 Phonak;phonak
A-000000-01701;Phonak Audeo mini 3;phonak
A-000000-01702;Phonak audeo s Yes 5;phonak
A-000000-01703;Phonak audeo s Yes 9 prothese auditive;phonak
A-000000-01704;Audeo s smart 5 Phonak audioprothese;phonak
A-000000-01705;Phonak Audéo S 5 mini Audéo s mini V;phonak
A-000000-01706;Phonak Audéo S 9 mini Audéo s mini IX;phonak
A-000000-01721;Phonak Ambra nano appareil auditif invisible;phonak
A-000000-01722;Appareil auditif invisible Solana nano Phonak;phonak
A-000000-01732;Phonak Cassia 312 UZ petite;phonak
A-000000-01733;appareil auditif cassia nano Phonak invisible péri tympanique;phonak
A-000000-01735;Ambra 13 UZ phonak;phonak
A-000000-01753;Ambra M H2O phonak H20 Prix appareil auditif;phonak
A-000000-01754;Cassia M H2O phonak H20;phonak
A-000000-01755;Solana M H2O phonak H20;phonak
A-000000-01756;NIOS S III H2O phonak H20 appareil auditif Phonak nios 3 h2o;phonak
A-000000-01757;NIOS S V H2O phonak H20 prix appareil auditif;phonak
A-000000-01758;PHONAK NAIDA 3 S CRT;phonak
A-000000-01803;Audeo s smart 1 Phonak audioprothese;phonak
A-000000-01810;Phonak naida 5 crt prix appareil auditif phonak naida v s crt prothese auditive;phonak
A-000000-01811;NAIDA  S CRT 9 Phonak IX  APPAREIL AUDITIF PHONAK NAIDA 9 S CRT PRIX PROTHESE AUDITIVE;phonak
A-000000-01837;Phonak Dalia micro M PHONAK DALIA M PRIX PROTHESE AUDITIVE PHONAK;phonak
A-000000-01838;NAIDA QUEST 1 Phonak;phonak
A-000000-01864;Lunettes auditives phonak sona unitron prix;phonak
A-000000-01866;Emetteur Phonak CROS ou bi cros H2o systeme auditif sans fil wifi prix;phonak
A-000000-01915;PHONAK VIRTO Q50 NANO Q 50 PRIX APPAREIL AUDITIF INVISIBLE VIRTO NANO Q50 PROTHESE AUDITIVE;phonak
A-000000-01917;PHONAK VIRTO Q70 NANO Q 70 APPAREIL CORRECTEUR SURDITE PERITYMPANIQUE INVISIBLE;phonak
A-000000-01918;PHONAK BOLERO Q70 M 312 PRIX APPAREIL AUDITIF OPEN bolero Q 70 phonak;phonak
A-000000-01921;PHONAK VIRTO Q50 10 Q 50 PRIX APPAREIL AUDITIF VIRTO Q 50 PROTHESE AUDITIVE;phonak
A-000000-01922;PHONAK VIRTO Q50 312 Q 50 13 PRIX APPAREIL AUDITIF;phonak
A-000000-01923;PHONAK VIRTO Q90 NANO Q 90 APPAREIL AUDITIF CORRECTEUR SURDITE;phonak
A-000000-01924;PHONAK BOLERO Q90 M 312 PRIX APPAREIL AUDITIF OPEN bolero Q 90 phonak;phonak
A-000000-01925;PHONAK BOLERO Q50 M 312 PRIX APPAREIL AUDITIF OPEN bolero Q 50 phonak;phonak
A-000000-01926;PHONAK VIRTO Q70 312 Q 70 PRIX APPAREIL AUDITIF;phonak
A-000000-01955;APPAREIL AUDITIF INVISIBLE PHONAK VIRTO Q70 10 Q 70 IIC;phonak
A-000000-01956;PHONAK VIRTO Q90 10 Q 90 10 APPAREIL AUDITIF CORRECTEUR SURDITE version M P ou SP;phonak
A-000000-01974;BOLERO Q90 P PRIX APPAREIL AUDITIF bolero Q 90 P phonak;phonak
A-000000-01975;BOLERO Q70 SP PRIX APPAREIL AUDITIF bolero Q 70 SP phonak;phonak
A-000000-01976;BOLERO Q90 SP PRIX APPAREIL AUDITIF bolero Q 90 SP phonak;phonak
A-000000-01977;BOLERO Q70 P PRIX APPAREIL AUDITIF bolero Q 70 P phonak;phonak
A-000000-01978;PHONAK BOLERO Q50 P PRIX APPAREIL AUDITIF bolero Q 50 P phonak;phonak
A-000000-01979;PHONAK BOLERO Q50 SP PRIX APPAREIL AUDITIF bolero Q 50 SP phonak;phonak
A-000000-02016;phonak NAIDA Q UP 3 III Quest prix audioprothese;phonak
A-000000-02019;PHONAK AUDEO Q 50 312 prix q50 quest audioprothese à écouteur déporté;phonak
A-000000-02056;PHONAK AUDEO Q 30 312 prix q30 quest audioprothese à écouteur déporté;phonak
A-000000-02101;PHONAK BASEO Q15 M P SP PRIX baséo Q 15 phonak;phonak
A-000000-02102;PHONAK TAO Q15 PRIX Tao Q 15 phonak;phonak
A-000000-02146;PHONAK BOLERO Q30 M 312 PRIX APPAREIL AUDITIF OPEN bolero Q 30 phonak;phonak
A-000000-02150;PHONAK AUDEO V 10 v70 Venture;phonak
A-000000-02151;PHONAK AUDEO V 312  v90 Venture;phonak
A-000000-02152;PHONAK AUDEO V 312 T 90 Venture;phonak
A-000000-02194;PHONAK AUDEO V 312 T 70 Venture;phonak
A-000000-02195;PHONAK AUDEO V 312 T 50 Venture;phonak
A-000000-02196;PHONAK AUDEO V 312  v70 Venture;phonak
A-000000-02197;PHONAK AUDEO V 312  v50 Venture;phonak
A-000000-02198;PHONAK AUDEO V 10 v90 Venture;phonak
A-000000-02317;Systeme CROS II phonak sans fil wifi pour audio prothèse existe aussi chez unitron;phonak
A-000000-02322;PHONAK NAIDA V90 RIC;phonak
A-000000-02323;PHONAK NAIDA V70 RIC;phonak
A-000000-02324;PHONAK NAIDA V50 RIC;phonak
A-000000-02325;NAIDA V90 SP PRIX APPAREIL AUDITIF NAIDA V90 SP phonak;phonak
A-000000-02326;NAIDA V70 SP PRIX APPAREIL AUDITIF NAIDA V70 SP phonak;phonak
A-000000-02327;NAIDA V50 SP PRIX APPAREIL AUDITIF NAIDA V50 SP phonak;phonak
A-000000-01191;Resound Aléra 9 61 DRW Aléra 961 aide auditive;resound
A-000000-01192;Aléra 9 60 DR Aléra 960 RESOUND;resound
A-000000-01193;LIVE 61 DI;resound
A-000000-01194;LIVE 70 DVIR resound;resound
A-000000-01195;LIVE 71 DI resound;resound
A-000000-01196;resound LIVE 9 71 DVI 971;resound
A-000000-01197;resound LIVE 9 81 DVI live 981;resound
A-000000-01198;RESOUND LIVE 910 live 9 10;resound
A-000000-01199;RESOUND LIVE 9 10 live 910;resound
A-000000-01200;LIVE 20 Mini canal;resound
A-000000-01201;LIVE 30 Conduit;resound
A-000000-01202;LIVE 50 Conduit;resound
A-000000-01203;DOT  2 30 rite resound;resound
A-000000-01207;RESOUND ALERA 761 DRW aléra 7 61;resound
A-000000-01208;APPAREIL AUDITIF RESOUND ALERA 760 DR Aléra 7 60 PRIX;resound
A-000000-01209;LIVE 7 61 DI;resound
A-000000-01210;LIVE 7  70 DVIR RITE;resound
A-000000-01211;LIVE 7 71 DI;resound
A-000000-01212;LIVE 7 71 DVI resound;resound
A-000000-01213;LIVE 7 81 DVI Puissant resound;resound
A-000000-01214;LIVE 7  10 CIC EXTRA SMALL;resound
A-000000-01215;LIVE 7 10 M CIC;resound
A-000000-01216;LIVE 7 20 Mini Canal;resound
A-000000-01217;LIVE 7 30 Conduit;resound
A-000000-01218;LIVE 7 50 Conque;resound
A-000000-01219;DOT  260 resound;resound
A-000000-01220;Appareil auditif RESOUND ALERA 561 DRW Aléra 5 61;resound
A-000000-01221;Appareil auditif Resound Aléra 560 Aléra 5 60 DR;resound
A-000000-01222;LIVE 5 61 DI;resound
A-000000-01223;LIVE 5 70 DVIR;resound
A-000000-01224;LIVE 5 71 DI;resound
A-000000-01225;LIVE 5 71 DVI;resound
A-000000-01226;LIVE 5 81 DVI PUISSANT;resound
A-000000-01227;Resound LIVE 5 10;resound
A-000000-01228;LIVE 5  10 M CIC;resound
A-000000-01229;LIVE 5 20 Mini canal;resound
A-000000-01230;resound LIVE 5 30 Conduit;resound
A-000000-01231;LIVE 5 50 Conque resound;resound
A-000000-01234;ESSENCE 70 DVI;resound
A-000000-01235;ESSENCE 80 DVI;resound
A-000000-01236;RESOUND ESSENCE 10 CIC;resound
A-000000-01237;ESSENCEB 30 Conduit;resound
A-000000-01238;ESSENCE 50 Conque;resound
A-000000-01421;RESOUND ALERA 9 77 DVIW Aléra 977;resound
A-000000-01422;ALERA RESOUND  910 M aléra 9 10 CIC à micro déporté;resound
A-000000-01423;RESOUND ALERA 930 M aléra 9 30;resound
A-000000-01424;RESOUND ALERA 930 MW Aléra 9 30;resound
A-000000-01425;RESOUND ALERA 787 DVIW Aléra 7 87;resound
A-000000-01426;RESOUND ALERA 710;resound
A-000000-01427;RESOUND ALERA 730 M ALERA 7 30 avec microphone déporté;resound
A-000000-01428;RESOUND ALERA 7 30 MW intra Aléra 730;resound
A-000000-01429;Resound Aléra 577  DVIW Aléra 5 77 audioprothese;resound
A-000000-01430;RESOUND ALERA 510 M alera 5 10 M;resound
A-000000-01431;Aléra 530 M ALERA 5 30 resound;resound
A-000000-01432;ALERA 530 MW alera 5 30 Resound;resound
A-000000-01464;RESOUND Aléra 587  DVIW alera 5 87;resound
A-000000-01465;RESOUND ALERA 777 DVIW aléra 7 77;resound
A-000000-01466;RESOUND ALERA 987 DVIW Aléra 9 87;resound
A-000000-01508;Live 5 70 gn resound;resound
A-000000-01684;DOT  2 20 ou DOT2 260 resound;resound
A-000000-01700;GN RESOUND ALERA;resound
A-000000-01710;RESOUND ALERA 767 DRW aléra 7 67;resound
A-000000-01711;RESOUND ALERA 567 aléra 5 67;resound
A-000000-01712;RESOUND ALERA 967 DRW aléra 9 67;resound
A-000000-01713;RESOUND ALERA 510  alera 5 10;resound
A-000000-01714;ALERA 520  alera 5 20 Resound;resound
A-000000-01715;RESOUND ALERA 530  alera 5 30;resound
A-000000-01716;RESOUND ALERA 550  alera 5 50;resound
A-000000-01718;RESOUND ALERA 720  alera 7 20;resound
A-000000-01719;RESOUND VERSO 710 vo non compatible mobile iphone android ios 7;resound
A-000000-01720;RESOUND ALERA 730 ALERA 7 30;resound
A-000000-01725;Appareil auditif ALERA 561 Resound Alera 561 Resound;resound
A-000000-01759;RESOUND BE 700 prix appareil auditif resound be 700 prothese auditive;resound
A-000000-01760;Resound Alera 761 bluetooth;resound
A-000000-01761;ALERA 961 resound appareil auditif;resound
A-000000-01762;Appareil auditif Aléra 560 resound;resound
A-000000-01763;APPAREIL AUDITIF PRIX Aléra 560 resound;resound
A-000000-01764;aide auditive resound Aléra 760 prix;resound
A-000000-01765;Aide auditive Aléra 960 resound;resound
A-000000-01766;ALERA 987 RESOUND;resound
A-000000-01767;RESOUND BE 900 PRIX APPAREIL AUDITIF resound prothese auditive prix;resound
A-000000-01774;Appareil auditif ALERA 562 resound;resound
A-000000-01775;ALERA 762 RESOUND Prix équivalent au PSE964 connect;resound
A-000000-01776;ALERA 962 resound;resound
A-000000-01788;WIFI ALERA 562 HP resound;resound
A-000000-01839;resound vea VE360 D;resound
A-000000-01841;Aide auditive resound LIVE 9 61 DVI live 961;resound
A-000000-01874;Appareil auditif resound verso 560 VO 5 60;resound
A-000000-01875;APPAREIL AUDITIF RESOUND VERSO 520 VO 520 Verso 5 20 Resound vo520;resound
A-000000-01876;APPAREIL AUDITIF RESOUND VERSO 530 VO 5 30;resound
A-000000-01877;RESOUND VERSO 530 vo 5 30 prix;resound
A-000000-01878;RESOUND VERSO 561 VO 5 61 PRIX;resound
A-000000-01879;APPAREIL AUDITIF RESOUND VERSO 562;resound
A-000000-01880;RESOUND APPAREIL AUDITIF VERSO 510 APPAREIL CORRECTEUR DE SURDITE;resound
A-000000-01881;APPAREIL AUDITIF RESOUND VERSO 730;resound
A-000000-01882;RESOUND VERSO 761 VO 7 61 PRIX APPAREIL AUDITIF BLUETOOTH AVEC NANO COATING;resound
A-000000-01884;RESOUND VERSO 961 VO 9 61 AUDIOPROTHESE PRIX compatible avec appli iphone apple bluetooth vo961 drw;resound
A-000000-01886;Appareil auditif VERSO 562 resound bluetooth;resound
A-000000-01887;Resound Verso 577  DVIW verso 5 77 appareil auditif;resound
A-000000-01888;RESOUND Verso 9 60 DR verso 960 vo 9 60 audioprothese prix Resound;resound
A-000000-01889;Resound Verso 977  DVIW verso 9 77 appareil auditif Resound vo 9 77 audioprothese;resound
A-000000-01934;MICRO INVISA RESOUND PROTHESE AUDITIVE resound;resound
A-000000-01986;Resound Verso 988  DVIW verso 9 88 appareil auditif Resound vo 9 88 vo988 audioprothese;resound
A-000000-02013;RESOUND VERSO 910 C VO 910 C IIC AUDIOPROTHESE INVISIBLE PRIX iic;resound
A-000000-02042;RESOUND VERSO 930 MW Vo 9 30 pw ts audioprothese bluetooth wireles wifi Resound;resound
A-000000-02059;LEX 8 RESOUND lex 800 M open Resound prix adaptation instantanée;resound
A-000000-02094;RESOUND LINX 2 961 DRW LS961;resound
A-000000-02110;RESOUND UP SMART APPLE SMARTPHONE ANDROID;resound
A-000000-02112;RESOUND ENZO EO 998 DW SURPUISSANT;resound
A-000000-02113;RESOUND LINX TS LYNX ACOUPHENES APPLE;resound
A-000000-02162;RESOUND MAGNA 4 490 MG490 DVI;resound
A-000000-02167;RESOUND LINX 2 9 LS 961 DRW MP;resound
A-000000-02203;RESOUND LINX 2 9 LS962 DRW LS 962 UP appareil auditif;resound
A-000000-02212;RESOUND LINX 2 9 LS988 DW LS 988  appareil auditif;resound
A-000000-02213;RESOUND LINX 2 9 LS962 DRW LP MP HP UP rite appareil auditif;resound
A-000000-02214;RESOUND LINX 2 9 LS977 DW LS 977  appareil auditif;resound
A-000000-02242;RESOUND LS 9 iic 910 IIC AUDIOPROTHESE INVISIBLE;resound
A-000000-02243;RESOUND LS 9 IIC LINX2 AUDIOPROTHESE INVISIBLE;resound
A-000000-02286;RESOUND LINX 2 LS 9 CIC LP MP HP UP ls9;resound
A-000000-02348;RESOUND LINX 2 761 DRW LS761;resound
A-000000-02349;RESOUND LINX 2 561 DRW LS561;resound
A-000000-01509;Aide auditive Sébotek HD 8 Rexton;rexton
A-000000-01870;Prothese auditive péri tympanique invisible rexton bridge 8 pico biotone;rexton
A-000000-01892;Prothese auditive invisible péri tympanique rexton bridge 12 pico cic ultra profond;rexton
A-000000-01893;Prothese auditive invisible péri tympanique rexton insite 16 pico cic ultra profond;rexton
A-000000-01894;Prothese auditive prix rexton day 6;rexton
A-000000-01895;REXTON INSITE 16 PROTHESE AUDITIVE free insite 16 Rexton prix;rexton
A-000000-01896;REXTON BRIDGE 12 PROTHESE AUDITIVE free Bridge 12 Rexton prix;rexton
A-000000-01899;REXTON BRIDGE 8 PROTHESE AUDITIVE free Bridge 8 Rexton prix;rexton
A-000000-01900;REXTON Bridge 8 PROTHESE AUDITIVE Open Bridge 8 Rexton prix;rexton
A-000000-01901;REXTON OPEN INSITE 16 PROTHESE AUDITIVE open insite 16 Rexton prix;rexton
A-000000-01902;REXTON COBALT 16 PROTHESE AUDITIVE cobalt 16 rite Rexton prix;rexton
A-000000-01903;REXTON COBALT 12 PROTHESE AUDITIVE cobalt 12 Rexton prix;rexton
A-000000-01904;REXTON COBALT 8 PROTHESE AUDITIVE cobalt 8 Rexton prix;rexton
A-000000-01905;REXTON COBALT 6 ECO PROTHESE AUDITIVE cobalt  6 eco Rexton prix;rexton
A-000000-01906;Prothese auditive prix rexton day 4;rexton
A-000000-01907;REXTON ONYX 12 PROTHESE AUDITIVE Onyx 12 Rexton prix;rexton
A-000000-02117;Aide auditive Sébotek HD 8 Rexton;rexton
A-000000-00070;Intuis ITC;siemens
A-000000-00074;Intuis Life;siemens
A-000000-00075;Intuis S Dir open;siemens
A-000000-00076;Intuis Dir;siemens
A-000000-00077;Intuis SP Dir;siemens
A-000000-00086;Artis 2 ITE;siemens
A-000000-00087;Artis 2 Life;siemens
A-000000-00088;Artis 2;siemens
A-000000-00089;Artis 2 P;siemens
A-000000-00090;Artis 2 SP;siemens
A-000000-00099;Lotus Pro ITE SIEMENS Prix;siemens
A-000000-00100;siemens prothese auditive Lotus Pro P;siemens
A-000000-00101;Prothese auditive siemens Lotus Pro SP;siemens
A-000000-00154;ARTIS 2 CIC SIEMENS PRIX AUDIOPROTHESE;siemens
A-000000-00346;Siemens Motion 100 P;siemens
A-000000-00347;Prothese auditive Lotus Pro M SIEMENS;siemens
A-000000-00348;Motion 100 M;siemens
A-000000-00349;Motion 100 S;siemens
A-000000-00350;prothese auditive 101 Life siemens;siemens
A-000000-00351;PURE 101 XCEL SIEMENS XCL;siemens
A-000000-00352;NITRO 301 CIC SIEMENS PRIX APPAREIL AUDITIF;siemens
A-000000-00353;Motion 100 ITC;siemens
A-000000-00354;Motion 300 SP;siemens
A-000000-00355;Siemens Motion 300 P;siemens
A-000000-00356;Motion 300 M;siemens
A-000000-00357;Motion 300 S;siemens
A-000000-00358;Artis 2;siemens
A-000000-00359;Intuis S Dir;siemens
A-000000-00360;Intuis SP  Dir;siemens
A-000000-00361;Prothese auditive siemens Life 301;siemens
A-000000-00362;Appareil auditif SIEMENS Pure 301;siemens
A-000000-00364;Motion 300 ITE ou ITC;siemens
A-000000-00365;Siemens Motion 501 P;siemens
A-000000-00366;Siemens Motion Explorer 500 P;siemens
A-000000-00367;Motion 500 M;siemens
A-000000-00368;Siemens Motion 501 S;siemens
A-000000-00369;501 Life Siemens;siemens
A-000000-00370;PURE 501 SE SIEMENS;siemens
A-000000-00371;Artis 2 SP;siemens
A-000000-00375;Pure 501;siemens
A-000000-00376;Pure 501 Siemens;siemens
A-000000-00377;Motion 700 SP;siemens
A-000000-00378;Siemens Motion 701 P contour d oreille Appareil auditif siemens Motion 701P prix;siemens
A-000000-00379;Motion 700 M;siemens
A-000000-00380;Siemens Motion 701 S;siemens
A-000000-00381;PURE 701 SIEMENS APPAREIL AUDITIF;siemens
A-000000-00382;Siemens Pure 701 SE;siemens
A-000000-00383;Nitro 701 CIC SIEMENS NITRO 701 PRIX APPAREIL AUDITIF;siemens
A-000000-00384;Motion 701 ITE;siemens
A-000000-00385;APPAREIL AUDITIF SIEMENS Intuis 2 cic;siemens
A-000000-00386;Lotus Pro CIC SIEMENS prix appareil auditif;siemens
A-000000-00387;SIEMENS Motion 100 CIC APPAREIL AUDITIF PRIX;siemens
A-000000-00388;Siemens Motion 300 CIC;siemens
A-000000-00389;Motion 501 CIC;siemens
A-000000-00390;Motion 701 CIC siemens prix;siemens
A-000000-01296;Contour Lotus 23 CMU;siemens
A-000000-01297;Contour Lotus 23 P CMU;siemens
A-000000-01298;Contour Lotus 23 SP CMU;siemens
A-000000-01373;NITRO 301 SP SIEMENS;siemens
A-000000-01374;NITRO 701 SP SIEMENS NITRO 701 SP;siemens
A-000000-01380;Siemens Motion 701 SX;siemens
A-000000-01381;Motion 501 sx siemens;siemens
A-000000-01382;Motion 301 SX siemens;siemens
A-000000-01383;Siemens Motion 101 SX;siemens
A-000000-01384;Motion 701 DP siemens;siemens
A-000000-01386;Siemens Motion 301 P;siemens
A-000000-01387;Motion 301 ITE siemens;siemens
A-000000-01388;Motion 101 ITE siemens;siemens
A-000000-01493;Infinity pro CIC;siemens
A-000000-01510;Siemens Pure 700;siemens
A-000000-01512;SIEMENS PURE 500;siemens
A-000000-01520;Pure 501 ITC siemens;siemens
A-000000-01541;PURE 501 SIEMENS;siemens
A-000000-01542;Siemens Motion 101 CIC PRIX;siemens
A-000000-01549;Aquaris 701 siemens appareil auditif étanche IP68;siemens
A-000000-01550;Aquaris 501 Siemens prothese auditive;siemens
A-000000-01553;SIEMENS NITRO  PRIX CIC AUDIOPROTHESE;siemens
A-000000-01559;SIEMENS INSIO 5MI iic prothèse auditive invisible;siemens
A-000000-01560;Siemens Aquaris;siemens
A-000000-01589;SIEMENS PURE 701 CARAT;siemens
A-000000-01676;PURE 301 CARAT siemens;siemens
A-000000-01680;APPAREIL AUDITIF INVISIBLE SIEMENS IMINI 3 mi;siemens
A-000000-01681;NITRO 16 SIEMENS CIC PRIX APPAREIL AUDITIF;siemens
A-000000-01707;ETANCHE AQUARIS 301 SIEMENS;siemens
A-000000-01708;PURE 501 carat Siemens;siemens
A-000000-01709;Pure 501 CIC siemens prix audioprothese;siemens
A-000000-01731;Siemens Aquaris 101;siemens
A-000000-01783;SIEMENS IMINI 2 701;siemens
A-000000-01784;SIEMENS IMINI 2 301 PRIX APPAREIL AUDITIF;siemens
A-000000-01797;Motion 301 cic siemens;siemens
A-000000-01821;Pure 301 Xcel siemens XCL;siemens
A-000000-01822;Pure 501 Xcel siemens XCL appareil auditif prix siemens pure 501 xcel prothese auditive;siemens
A-000000-01823;Pure 701 Xcel siemens XCL;siemens
A-000000-01824;Pure carat 301 Xcel siemens XCL;siemens
A-000000-01825;Pure carat 701 Xcel siemens;siemens
A-000000-01826;Eclipse 701 Xcel siemens XCL péritympanique;siemens
A-000000-01827;Siemens Eclipse 3 mi micon 3mi;siemens
A-000000-01828;Pure 701 Xcl siemens appareil auditif prix;siemens
A-000000-01830;Pure carat 501 Xcel siemens XCL;siemens
A-000000-01831;Motion SX 301 XCL XCEL siemens appareil auditif;siemens
A-000000-01832;SIEMENS MOTION 501 SX XCEL siemens XCL PRIX;siemens
A-000000-01833;Siemens xcel Motion 701 SX XCL;siemens
A-000000-01834;Siemens xcel Motion 301 P XCL prix appareil auditif siemens;siemens
A-000000-01835;Siemens Motion xcel  501 P XCL prix appareil auditif;siemens
A-000000-01836;Siemens xcel Motion 701 P;siemens
A-000000-01860;Lunettes auditives siemens;siemens
A-000000-01867;Appareil auditif invisible siemens XCL Eclipse 701 Xcel péritympanique;siemens
A-000000-01868;Eclipse 501 Xcel siemens XCL invisible peritympanique;siemens
A-000000-01869;Eclipse 101 Xcel siemens XCL appareil auditif invisible péritympanique;siemens
A-000000-01871;APPAREIL AUDITIF SIEMENS MOTION 501 LIFE;siemens
A-000000-01885;APPAREIL AUDITIF Intuis life Siemens;siemens
A-000000-01890;Eclipse siemens 7 mi micon 7mi prix audioprothese;siemens
A-000000-01911;SIEMENS ACE 5 MI appareil auditif;siemens
A-000000-01912;SIEMENS ACE 7 MI 7mi prix appareil auditif;siemens
A-000000-01913;SIEMENS PURE 7MI 7 mi S appareil auditif;siemens
A-000000-01933;SIEMENS PURE 5MI 5 mi micon s p;siemens
A-000000-01936;SIEMENS PURE 7MI 7 mi P appareil auditif micon pure;siemens
A-000000-01971;étanche Siemens Aquaris 5mi micon 5 mi IP 68;siemens
A-000000-01972;SIEMENS aquaris 5mi micon 5 mi life audioprothese étanche;siemens
A-000000-01973;aquaris 7mi siemens micon 7 mi audioprothese étanche IP68;siemens
A-000000-01981;SIEMENS PURE 7MI 7 mi appareil auditif rechargeable;siemens
A-000000-02017;siemens Motion 5 mi sx micon mi prix audioprothese open 5mi;siemens
A-000000-02021;APPAREIL AUDITIF BLUETOOTH SIEMENS PURE 3MI 3 mi micon s p audioprothese bluetooth;siemens
A-000000-02022;Siemens Motion 5mi px siemens micon 5 mi prix audioprothese BTE;siemens
A-000000-02024;ORION RIC siemens M CIC P;siemens
A-000000-02025;SIEMENS SIRION  CIC;siemens
A-000000-02026;SIEMENS insio 5mi micon 5 mi;siemens
A-000000-02027;SIEMENS insio 7MI 7 mi cic bluetooth micon prix très discret;siemens
A-000000-02028;Siemens life 3mi 3 mi micon prix;siemens
A-000000-02031;Siemens life 5mi 5 mi micon prix;siemens
A-000000-02032;Siemens life 7mi 7 mi micon mi7 open prix;siemens
A-000000-02044;siemens Motion 7mi px siemens micon 7 mi prix audioprothese BTE;siemens
A-000000-02045;Motion mi 3 px siemens micon prix audioprothese BTE non rechargeable;siemens
A-000000-02057;SIEMENS INSIO IMINI 7MI MICON 7 MI iic invisible;siemens
A-000000-02062;SIEMENS NITRO 5 MI micon audioprothese 5mi cic ou itc;siemens
A-000000-02065;ECLIPSE SIEMENS 5 MI micon 5mi prix audioprothese mi5;siemens
A-000000-02066;SIEMENS AQUARIS 3MI MICON 3 MI PROTHESE AUDITIVE PRIX;siemens
A-000000-02073;SIEMENS insio 3mi 3 mi micon;siemens
A-000000-02074;SIEMENS INSIO IMINI 3MI MICON 3 MI;siemens
A-000000-02075;siemens Motion 3 mi sx micon;siemens
A-000000-02076;SIEMENS MICON M 3MI audioprothese non rechargeable;siemens
A-000000-02077;SIEMENS MICON M ou P 5MI audioprothese non rechargeable;siemens
A-000000-02078;SIEMENS MICON M ou P 7MI audioprothese non rechargeable;siemens
A-000000-02087;SIEMENS NITRO BTE 3 MI micon 3mi prix contour d'oreille;siemens
A-000000-02089;SIEMENS NITRO 3MI 3 mi micon bluetooth bte;siemens
A-000000-02091;SIEMENS NITRO 7MI BTE 7 mi micon bluetooth;siemens
A-000000-02116;Lunettes Audivue Siemens;siemens
A-000000-02139;Siemens Pure 5bx binax 5 bx;siemens
A-000000-02140;SIEMENS PURE 7BX binax appareil auditif;siemens
A-000000-02141;SIEMENS Ace 5bx binax appareil auditif;siemens
A-000000-02142;SIEMENS ACE 7BX binax appareil auditif;siemens
A-000000-02143;SIEMENS Carat 5bx binax;siemens
A-000000-02144;SIEMENS Carat 7bx binax;siemens
A-000000-02155;SIEMENS SIRION  M BTE;siemens
A-000000-02156;SIEMENS SIRION P BTE;siemens
A-000000-02215;SIEMENS PURE 3 BX binax;siemens
A-000000-02216;Siemens Motion 5 px bx binax prix audioprothese BTE;siemens
A-000000-02217;Siemens Motion 7 px bx binax prix audioprothese BTE;siemens
A-000000-02218;siemens Motion 5 sx bx Binax prix audioprothese open 5 sx bx;siemens
A-000000-02219;siemens Motion 7 bx Binax sx px;siemens
A-000000-02221;Siemens insio 5 Bx iic binax invisible;siemens
A-000000-02222;Siemens insio 7 Bx iic Binax Prix appareil auditif invisible insio 7bx;siemens
A-000000-02223;Siemens insio 3 Bx  Binax Prix appareil  insio 3bx;siemens
A-000000-02224;Siemens insio 5 Bx  Binax Prix appareil  insio 5bx;siemens
A-000000-02225;Siemens insio 7 Bx  Binax Prix appareil  insio 7bx;siemens
A-000000-02232;Siemens insio 5 Bx  Binax imini bluetooth Siventos;siemens
A-000000-02233;Siemens insio 7 Bx  Binax imini bluetooth Sivantos;siemens
A-000000-02264;SIEMENS NITRO 5 MI audioprothese 5mi cic ou itc;siemens
A-000000-02265;Siemens insio 7 Bx  Onemic Binax;siemens
A-000000-02270;SIEMENS ORION 2 bx binax RIC M CIC P BTE;siemens
A-000000-02271;SIEMENS SIRION 2 BX binax CIC;siemens
A-000000-02272;Siemens Motion 3 bx 3bx binax;siemens
A-000000-02273;SIEMENS PURE CARAT 3 BX binax;siemens
A-000000-02288;SIEMENS PURE 7PX primax appareil auditif 7 px;siemens
A-000000-02289;SIEMENS PURE 5PX primax 5 px;siemens
A-000000-02290;Siemens insio 7 px Onemic cic primax;siemens
A-000000-02291;Siemens insio 7px iic invisible primax;siemens
A-000000-02292;Siemens insio 5 px cic primax;siemens
A-000000-02293;Siemens insio 5px iic invisible primax;siemens
A-000000-02294;SIEMENS ACE 7PX primax 7 px;siemens
A-000000-02295;SIEMENS ACE 5PX primax 5 px;siemens
A-000000-02296;SIEMENS PURE 3PX primax 3 px;siemens
A-000000-02328;APPAREIL AUDITIF CROS SIEMENS PURE SANS FIL WIFI RITE;siemens
A-000000-02329;APPAREIL AUDITIF BI CROS SIEMENS PURE SYSTEM SANS FIL WIFI RITE;siemens
A-000000-02351;SIEMENS CELLION 5PX primax 5 px;siemens
A-000000-02352;SIEMENS CELLION 7PX primax 7 px;siemens
A-000000-01768;VOGUE INTRO 300 sona;sona
A-000000-01769;VOGUE INTRO 500 sona prix;sona
A-000000-01807;VOGUE MICRO 300 sona;sona
A-000000-01808;SONA VOGUE MICRO 500 sona;sona
A-000000-01950;Branche de lunettes auditives sona unitron  prix;sona
A-000000-00156;Ion 400;sonic_innovations
A-000000-00166;Mini Velocity 12;sonic_innovations
A-000000-00206;VELOCITY 24 CIC;sonic_innovations
A-000000-00311;MINI VELOCITY 6 SONIC;sonic_innovations
A-000000-01506;pearl 8;sonic_innovations
A-000000-01726;Lunettes auditives;sonic_innovations
A-000000-01734;Flip sonic innovation prix appareil auditif SONIC INNOVATION PROTHESE AUDITIVE PRIX;sonic_innovations
A-000000-01752;Appareil auditif invisible Groove Sonic innovations;sonic_innovations
A-000000-01997;sonic innovation bliss prix PROTHESE AUDITIVE avec pile auditive;sonic_innovations
A-000000-00112;DESTINY 400;starkey
A-000000-00113;E SERIES 2 MINI DIR;starkey
A-000000-00114;E SERIES 2 BTE;starkey
A-000000-00153;S SERIES 5 CIC NANO;starkey
A-000000-00164;S SERIES IQ 7 INTRA CIC NANO;starkey
A-000000-00167;S SERIES 9 CIC NANO;starkey
A-000000-00177;starkey S SERIES IQ 11 RIC;starkey
A-000000-00180;S SERIES IQ 11 INTRA CIC NANO;starkey
A-000000-00181;S SERIES 11 INTRA CIC NANO APPAREIL AUDITIF STARKEY PRIX;starkey
A-000000-00182;S SERIES IQ 9 INTRA CIC NANO;starkey
A-000000-00183;APPAREIL AUDITIF STARKEY S SERIES 11 RIC PRIX;starkey
A-000000-00184;S SERIES IQ 9 RIC;starkey
A-000000-00188;S SERIES 9 RIC;starkey
A-000000-00189;S SERIES IQ 11 Pile 13;starkey
A-000000-00190;S SERIES IQ 11 MINI;starkey
A-000000-00191;S SERIES 11 Pile 13;starkey
A-000000-00192;S SERIES IQ 9 Pile 13;starkey
A-000000-00193;S SERIES IQ 9 MINI;starkey
A-000000-00195;S SERIES 9 Pile 13;starkey
A-000000-00196;S SERIES IQ 7 BTE;starkey
A-000000-00197;S SERIES 7 INTRA CIC NANO;starkey
A-000000-00198;S SERIES IQ 7 RIC;starkey
A-000000-00199;S SERIES 7 RIC;starkey
A-000000-00200;S SERIES IQ 7 BTE MINI;starkey
A-000000-00201;S SERIES 7 BTE;starkey
A-000000-00202;E SERIES 3 CIC STARKEY PRIX APPAREIL AUDITIF;starkey
A-000000-00203;ARIS PRO CIC APPAREIL AUDITIF AU MEILLEUR PRIX LE MOINS CHER;starkey
A-000000-00207;S SERIES 5 RIC;starkey
A-000000-00208;E SERIES 3 RIC;starkey
A-000000-00209;S SERIES 5 P13;starkey
A-000000-00210;S SERIES 5 MINI;starkey
A-000000-00211;E SERIES 3 Pile 13;starkey
A-000000-00212;E SERIES 3 MINI;starkey
A-000000-00213;E SERIES 2 Pile 13;starkey
A-000000-00214;E series 2 mini;starkey
A-000000-00217;S SERIES IQ 11 INTRA;starkey
A-000000-00218;S SERIES 11 INTRA;starkey
A-000000-00219;S SERIES IQ 9 INTRA;starkey
A-000000-00220;S SERIES 9 INTRA;starkey
A-000000-00221;S SERIES IQ 7 INTRA;starkey
A-000000-00222;S SERIES 7 INTRA;starkey
A-000000-00223;S SERIES 5 INTRA;starkey
A-000000-00224;E SERIES 3 INTRA;starkey
A-000000-00225;E SERIES 2 INTRA ITE ITC;starkey
A-000000-00293;DESTINY 200 OPEN;starkey
A-000000-00515;STARKEY DX;starkey
A-000000-00516;STARKEY DX AGC;starkey
A-000000-00517;STARKEY DX AGC H;starkey
A-000000-00518;DP8;starkey
A-000000-00519;DP7 + CMU;starkey
A-000000-00520;DP7 Appareil CMU;starkey
A-000000-00521;F228 D Lunettes auditives CO;starkey
A-000000-00522;Lunettes auditives Conduction osseuse pour patient atteint de surdité de transmission;starkey
A-000000-01332;STARKEY Wi series  i 110 Pile 13;starkey
A-000000-01333;STARKEY Wi SERIES i 110;starkey
A-000000-01336;S series IQ 11 starkey;starkey
A-000000-01337;WI series I 90 STARKEY;starkey
A-000000-01338;WI SERIES I 70 STARKEY;starkey
A-000000-01375;starkey SOUNDLENS 7 otolens;starkey
A-000000-01376;starkey SOUNDLENS 11 otolens;starkey
A-000000-01377;starkey SOUNDLENS 9 otolens;starkey
A-000000-01558;otolens starkey;starkey
A-000000-01685;Xino 70 starkey;starkey
A-000000-01686;Xino 90 starkey;starkey
A-000000-01687;STARKEY  appareil auditif Xino 110;starkey
A-000000-01688;Appareil auditif STARKEY ignite  20;starkey
A-000000-01689;STARKEY IGNITE  30;starkey
A-000000-01694;STARKEY  appareil auditif Xino 110 P;starkey
A-000000-01695;STARKEY Xino 70 P;starkey
A-000000-01696;STARKEY Xino 90 P prix appareil auditif starkey xino 90 power prothese auditive prix;starkey
A-000000-01697;STARKEY  x series 110;starkey
A-000000-01698;STARKEY  x series 90;starkey
A-000000-01699;STARKEY  x series 70;starkey
A-000000-01727;STARKEY ignite  20 mini;starkey
A-000000-01728;STARKEY ignite  20 power;starkey
A-000000-01729;STARKEY IGNITE  30 power;starkey
A-000000-01730;STARKEY IGNITE  30 power plus;starkey
A-000000-01736;Wi series  i 110 starkey bluetooth prothese auditive;starkey
A-000000-01737;STARKEY WI SERIES  i 90 RIC pile 13 ou 312;starkey
A-000000-01738;BLUETOOTH STARKEY WI SERIES I 70 AUDIOPROTHESE;starkey
A-000000-01739;STARKEY Xino 20;starkey
A-000000-01740;STARKEY Xino 30;starkey
A-000000-01741;STARKEY  soundlens 70 iic appareil auditif invisible;starkey
A-000000-01742;STARKEY  soundlens 90 iic invisible;starkey
A-000000-01743;STARKEY soundlens x tri series 110 iic invisible;starkey
A-000000-01744;STARKEY  X SERIES 70 BTE 13;starkey
A-000000-01745;STARKEY  X SERIES 70 BTE 13 POWER;starkey
A-000000-01746;STARKEY  X SERIES 70 BTE 13 POWER PLUS;starkey
A-000000-01747;STARKEY  X SERIES 70 BTE 312 MINI;starkey
A-000000-01748;STARKEY  X SERIES 70 RIC 312;starkey
A-000000-01749;STARKEY  X SERIES 70 RIC 312 AP;starkey
A-000000-01750;WI SERIES I 70 starkey;starkey
A-000000-01772;Wi series  i 110 CIC starkey;starkey
A-000000-01773;STARKEY Wi series  i 110 ITC;starkey
A-000000-01777;STARKEY  x series 110 CIC;starkey
A-000000-01778;Wi series  i 90 CIC starkey;starkey
A-000000-01779;Wi series  i 70 CIC starkey;starkey
A-000000-01780;STARKEY  x series 90 CIC;starkey
A-000000-01781;STARKEY  x series 70 CIC;starkey
A-000000-01809;INVISIBLE STARKEY AMP A ADAPTATION IMMEDIATE;starkey
A-000000-01856;STARKEY ignite  wireless;starkey
A-000000-01857;STARKEY TRI SERIES I 70;starkey
A-000000-01859;STARKEY TOUR PRIX APPAREIL AUDITIF;starkey
A-000000-01861;STARKEY TOUR i20 APPAREIL AUDITIF PRIX;starkey
A-000000-01862;STARKEY TOUR i30 PRIX APPAREIL AUDITIF;starkey
A-000000-01863;STARKEY ignite  i 20 wireless;starkey
A-000000-01920;STARKEY TRI SERIES 110 APPAREIL AUDITIF PRIX;starkey
A-000000-01991;STARKEY XINO TRI SERIES I 70 i70 audioprothese;starkey
A-000000-01992;STARKEY XINO TRI SERIES I 110 i110 audioprothese;starkey
A-000000-02023;STARKEY Xino tinnitus 110 prix audioprothese;starkey
A-000000-02093;STARKEY HALO 70 rite Bluetooth wifi app Iphone;starkey
A-000000-02099;STARKEY HALO 90 rite Bluetooth wifi app Iphone mfi;starkey
A-000000-02100;STARKEY HALO 110 rite Bluetooth wifi i110 app Iphone mfi;starkey
A-000000-02114;STARKEY IGNITE  30 CIC;starkey
A-000000-02163;Starkey Z series i90 RIC 312 appareil auditif;starkey
A-000000-02165;Starkey Z series i110 RIC 312 appareil auditif;starkey
A-000000-02166;Starkey Z series i70 RIC 312 appareil auditif;starkey
A-000000-02168;Starkey Z series i30  RIC 312 appareil auditif;starkey
A-000000-02169;Starkey Z series i20 RIC 312 appareil auditif;starkey
A-000000-02173;Starkey Z series i110 CIC 10 appareil auditif;starkey
A-000000-02174;Starkey Z series i90 CIC 10 appareil auditif;starkey
A-000000-02175;Starkey Z series i70 CIC 10 appareil auditif;starkey
A-000000-02176;Starkey Z series i30 CIC 10 appareil auditif;starkey
A-000000-02177;Starkey Z series i20 CIC 10 appareil auditif;starkey
A-000000-02178;Starkey Z series i110 CC 312 appareil auditif;starkey
A-000000-02179;Starkey Z series i20 CC 312 appareil auditif;starkey
A-000000-02180;Starkey Z series i90 CC 312 appareil auditif;starkey
A-000000-02181;Starkey Z series i70 CC 312 appareil auditif;starkey
A-000000-02182;Starkey Z series i30 CC 312 appareil auditif;starkey
A-000000-02184;Starkey Z series i110 MICRO RIC 312 appareil auditif;starkey
A-000000-02185;Starkey Z series i90 MICRO RIC 312 appareil auditif;starkey
A-000000-02186;Starkey Z series i20 MICRO RIC 312 appareil auditif;starkey
A-000000-02187;Starkey Z series i30  MICRO RIC 312 appareil auditif;starkey
A-000000-02188;micro ric z séries i70  appareil auditif Starkey;starkey
A-000000-02189;Starkey Z series i110 Mini BTE 312 appareil auditif;starkey
A-000000-02190;Starkey Z series i90 mini BTE 312 appareil auditif;starkey
A-000000-02191;Starkey Z series i70 mini BTE 312 appareil auditif;starkey
A-000000-02192;Starkey Z series i30 mini BTE 312 appareil auditif;starkey
A-000000-02193;Starkey Z series i20 mini BTE 312 appareil auditif;starkey
A-000000-02201;STARKEY HALO i70 rite Bluetooth wifi app Iphone;starkey
A-000000-02202;STARKEY HALO i90 rite Bluetooth wifi app Iphone mfi;starkey
A-000000-02204;STARKEY  appareil auditif Xino 90;starkey
A-000000-02205;STARKEY Xino tinnitus 90 prix audioprothese;starkey
A-000000-02206;STARKEY Xino tinnitus 70 prix audioprothese;starkey
A-000000-02207;STARKEY Xino tinnitus 30 prix audioprothese;starkey
A-000000-02208;STARKEY Xino tinnitus 20 prix audioprothese;starkey
A-000000-02226;Starkey Z series i110 IIC  appareil auditif;starkey
A-000000-02227;Starkey Z series i90 IIC  appareil auditif;starkey
A-000000-02228;Starkey Z series i70 IIC  appareil auditif;starkey
A-000000-02229;STARKEY HALO i110 BTE 13 wifi  app Iphone mfi;starkey
A-000000-02297;STARKEY HALO 2 i2400 rite Bluetooth i 2400;starkey
A-000000-01572;QUANTUM 12 HP UNITRON AUDIOPROTHESE PRIX;unitron_hearing
A-000000-01575;QUANTUM 20 UNITRON CIC PRIX APPAREIL AUDITIF;unitron_hearing
A-000000-01577;UNITRON QUANTUM 12 ITE PRIX;unitron_hearing
A-000000-01578;AUDIOPROTHESE UNITRON QUANTUM 12 CIC;unitron_hearing
A-000000-01579;AUDIOPROTHESE UNITRON QUANTUM 6 ITE PRIX;unitron_hearing
A-000000-01580;UNITRON QUANTUM 6 CIC;unitron_hearing
A-000000-01581;UNITRON MOXI 20 AUDIOPROTHESE;unitron_hearing
A-000000-01582;UNITRON MOXI 12 appareil auditif;unitron_hearing
A-000000-01583;UNITRON MOXI 6 AUDIOPROTHESE;unitron_hearing
A-000000-01988;AUDIOPROTHESE UNITRON MAX 6 CONTOUR OREILLE PRIX;unitron_hearing
A-000000-02149;UNITRON Quantum 2 20 HP appareil auditif;unitron_hearing
A-000000-00009;WIDEX MIND 330 M 9 T;widex
A-000000-00103;WIDEX MIND 330 M CIC;widex
A-000000-00104;WIDEX MIND 330 M  X PRIX;widex
A-000000-00105;MIND 330 19 T RC;widex
A-000000-00106;WIDEX MIND 330;widex
A-000000-00107;MIND 440 CIC;widex
A-000000-00108;MIND 440 X;widex
A-000000-00109;MIND 440 19 T RC;widex
A-000000-00110;MIND 440 9 T RC PRIX PROTHESE AUDITIVE;widex
A-000000-00111;WIDEX MIND 440;widex
A-000000-00127;REAL RE CIC;widex
A-000000-00128;PRIX WIDEX REAL RE X;widex
A-000000-00129;REAL RE 9T;widex
A-000000-00130;REAL RE 19T;widex
A-000000-00131;REAL RE m;widex
A-000000-00132;WIDEX FLASH F CIC PRIX;widex
A-000000-00133;FLASH FL X;widex
A-000000-00134;FLASH FL 9T;widex
A-000000-00135;FLASH FL XP;widex
A-000000-00136;WIDEX FLASH 19T AUDIOPROTHESE PRIX;widex
A-000000-00137;FLASH  FL m;widex
A-000000-00138;Widex PASSION 105;widex
A-000000-00186;PASSION 110 WIDEX;widex
A-000000-00187;Widex PASSION 440;widex
A-000000-00277;SENSO P37 ou P38 ou P38 T option VC;widex
A-000000-00278;SENSO Vita SV 38 T;widex
A-000000-00280;WIDEX Mind 220 m;widex
A-000000-00286;BRAVO B2 TVC CMU;widex
A-000000-00287;BRAVO B12 TVC CMU;widex
A-000000-00340;WIDEX MIND 220 BTE;widex
A-000000-01291;Clear passion 440 widex pa WIDEX CLEAR PASSION 440 Prix;widex
A-000000-01318;CLEAR 440 9 widex;widex
A-000000-01327;CLEAR 440 FUSION 440 Widex;widex
A-000000-01367;Widex Mind 220 m générateur de bruit blanc ou rose anti acouphène;widex
A-000000-01368;WIDEX MIND 330 M Zen;widex
A-000000-01369;WIDEX MIND 440 m zen;widex
A-000000-01554;FUSION 330 WIDEX CLEAR 330;widex
A-000000-01563;FUSION 220  CLEAR 220 WIDEX;widex
A-000000-01587;PASSION 105 WIDEX PROTHESE AUDITIVE;widex
A-000000-01693;CLEAR 330 9 Widex;widex
A-000000-01717;WIDEX PASSION 440 ZEN APPAREIL AUDITIF;widex
A-000000-01782;WIDEX PASSION 115 PASSION WIDEX 115;widex
A-000000-01786;SUPER 440 widex;widex
A-000000-01787;SUPER 220 widex appareil auditif prix;widex
A-000000-01791;Widex CLEAR  440 M;widex
A-000000-01792;CLEAR  330 m widex;widex
A-000000-01793;CLEAR  220 m widex;widex
A-000000-01794;APPAREIL AUDITIF Clear Passion 220 widex pa WIDEX CLEAR PASSION 220 PRIX;widex
A-000000-01796;Clear Passion 330 widex pa WIDEX CLEAR PASSION 330 PRIX;widex
A-000000-01798;SUPER 330 widex prothese auditive prix widex super 330;widex
A-000000-01812;CLEAR  220 9 widex;widex
A-000000-01854;APPAREIL AUDITIF INVISIBLE WIDEX IIC  iic minuscule;widex
A-000000-01883;APPAREIL AUDITIF WIDEX MENU 3 M CMU;widex
A-000000-01927;WIDEX ZENTOGO 2 APPAREILS AUDITIFS DREAM 110 GENERATEUR DE BRUIT ACOUPHENES TELECOMMANDE RC DEX COMPRISE;widex
A-000000-01928;WIDEX MENU M 3 PLUS PRIX APPAREIL AUDITIF;widex
A-000000-01929;WIDEX MENU M 5 PLUS PRIX APPAREIL AUDITIF;widex
A-000000-01930;WIDEX MENU M 10 PLUS PRIX APPAREIL AUDITIF;widex
A-000000-01931;PACK de 2 APPAREILS AUDITIFS ZENTOGO BRUITEUR WIDEX MENU 3 M CONTRE ACOUPHENES;widex
A-000000-01932;APPAREIL AUDITIF WIDEX DREAM D3 PA 330 widex dream audioprothese passion micro ric;widex
A-000000-01935;APPAREIL AUDITIF WIDEX DREAM 110 WIDEX DREAM D1 PA micro ric;widex
A-000000-01937;APPAREIL AUDITIF dream 220 widex WIDEX DREAM D2 PA 220 PRIX MICRO RIC;widex
A-000000-01938;Appareil auditif dream 440 D4 PA widex dream D4 prothèse auditive passion micro ric;widex
A-000000-01940;APPAREIL AUDITIF WIDEX DREAM 110 WIDEX DREAM D1 FS Fusion mini ric;widex
A-000000-01941;AIDE AUDITIVE BLUETOOTH WIDEX DREAM D1 M CB D 110 micro contour;widex
A-000000-01942;APPAREIL AUDITIF WIDEX DREAM 220 M WIDEX DREAM D2 M CB micro contour;widex
A-000000-01943;APPAREIL AUDITIF WIDEX DREAM 330 M WIDEX DREAM D3 M CB micro contour;widex
A-000000-01944;APPAREIL AUDITIF WIDEX DREAM 440 M WIDEX DREAM D4 M CB micro contour;widex
A-000000-01945;APPAREIL AUDITIF WIDEX DREAM 220 WIDEX DREAM D2 FS Fusion mini ric;widex
A-000000-01946;WIDEX DREAM 330 D3 FS Fusion mini ric;widex
A-000000-01947;APPAREIL AUDITIF WIDEX DREAM 440 WIDEX DREAM D4 FS Fusion mini ric;widex
A-000000-01948;APPAREIL AUDITIF WIDEX DREAM 110 D1 9 mini contour d oreille WIDEX DREAM D1 9 mini contour;widex
A-000000-01953;Audioprothese WIDEX DREAM 110 CIC WIDEX DREAM D1 CIC intra;widex
A-000000-01954;ENFANT DREAM BABY 110 WIDEX D1 PA micro ric;widex
A-000000-01958;Audioprothese WIDEX DREAM D1 XP ITE 312 WIDEX DREAM D1 XP ITE intraauriculaire;widex
A-000000-01959;Audioprothese WIDEX DREAM D2 XP ITE 312 WIDEX DREAM D2 XP ITE 220 intraauriculaire;widex
A-000000-01960;Audioprothese WIDEX DREAM D3 XP ITE 312 WIDEX DREAM D3 XP ITE 330 intraauriculaire;widex
A-000000-01961;Audioprothese WIDEX DREAM D4 XP ITE 312 WIDEX DREAM D4 XP ITE 440 intraauriculaire;widex
A-000000-01962;Audioprothese WIDEX DREAM 220 CIC WIDEX DREAM D2 CIC intra;widex
A-000000-01989;APPAREIL AUDITIF WIDEX DREAM 330 D9 WIDEX DREAM D3 9;widex
A-000000-01990;APPAREIL AUDITIF WIDEX DREAM D3 CIC 330 widex dream audioprothese intra auriculaire cic;widex
A-000000-01996;WIDEX MENU 5 ME 19 PLUS PRIX AUDIOPROTHESE MENU5;widex
A-000000-01998;WIDEX MENU 10 19 PLUS PRIX AUDIOPROTHESE MENU10;widex
A-000000-02001;WIDEX MENU 3 X CMU Prix;widex
A-000000-02002;APPAREIL AUDITIF WIDEX MENU 3 9 CMU;widex
A-000000-02003;APPAREIL AUDITIF WIDEX MENU5 M PRIX MENU 5;widex
A-000000-02004;APPAREIL AUDITIF WIDEX MENU5 19 PRIX;widex
A-000000-02005;APPAREIL AUDITIF WIDEX MENU5 IIC PRIX MENU 5;widex
A-000000-02006;APPAREIL AUDITIF WIDEX MENU5 9 PRIX MENU 5 9;widex
A-000000-02007;WIDEX MENU 5 X Prix menu5;widex
A-000000-02008;WIDEX MENU 5 ME 9 PLUS PRIX AUDIOPROTHESE MENU5;widex
A-000000-02009;WIDEX MENU 5 X PLUS PRIX AUDIOPROTHESE MENU5 X;widex
A-000000-02010;WIDEX MENU 10 X PLUS PRIX AUDIOPROTHESE MENU10 X;widex
A-000000-02011;WIDEX MENU 10 9 PLUS PRIX AUDIOPROTHESE MENU10;widex
A-000000-02012;enfant baby 440 D4 PA passion widex dream prothèse auditive;widex
A-000000-02014;WIDEX MENU 3 PLUS 19 PRIX AUDIOPROTHESE RC VC;widex
A-000000-02036;APPAREIL AUDITIF WIDEX DREAM FASHION 330 WIDEX FASHION D3 FA Fashion bte surpuissant pour toutes les surdités;widex
A-000000-02037;APPAREIL AUDITIF WIDEX FASHION DREAM 220 WIDEX FASHION D2 FA Fashion bte surpuissant pour toutes les surdités;widex
A-000000-02038;APPAREIL AUDITIF WIDEX FASHION 440 WIDEX FASHION D4 FA Fashion bte surpuissant pour toutes les surdités;widex
A-000000-02043;APPAREIL AUDITIF WIDEX FASHION DREAM 110 WIDEX FASHION D1 FA Fashion bte surpuissant pour toutes les surdités;widex
A-000000-02080;WIDEX DREAM FASHION CROS WIFI;widex
A-000000-02086;GENERATEUR DE BRUIT BLANC POUR ACOUPHENE ROSE HYPERACOUSIE WIDEX;widex
A-000000-02236;APPAREIL AUDITIF WIDEX DREAM FASHION 330 POWER FASHION D3 FA;widex
A-000000-02237;APPAREIL AUDITIF WIDEX FASHION POWER 440 WIDEX FASHION D4 FA;widex
A-000000-02238;APPAREIL AUDITIF WIDEX FASHION POWER DREAM 110 WIDEX FASHION D1 FA Fashion power bte surpuissant pour toutes les surdités;widex
A-000000-02239;APPAREIL AUDITIF WIDEX FASHION POWER DREAM 220 WIDEX FASHION D2 FA Fashion bte surpuissant pour toutes les surdités;widex
A-000000-02274;WIDEX SUPER POWER MENU SP 3;widex
A-000000-02275;WIDEX SUPER POWER MENU 5;widex
A-000000-02276;Widex unique 440 FUSION U FS 440;widex
A-000000-02277;WIDEX UNIQUE 330 U FS Fusion;widex
A-000000-02278;WIDEX UNIQUE 440 U FS Fusion;widex
A-000000-02311;Audioprothese WIDEX UNIQUE 440 XP ITE 312;widex
A-000000-02312;Audioprothese WIDEX UNIQUE 440 CIC;widex
A-000000-02313;Audioprothese WIDEX UNIQUE 440 MICRO CIC;widex
A-000000-02314;Audioprothese WIDEX UNIQUE 330 CIC;widex
A-000000-02315;Audioprothese WIDEX UNIQUE 330 MICRO CIC;widex
A-000000-02316;Audioprothese WIDEX UNIQUE 330 XP ITE 312;widex
A-000000-02318;Widex unique 220 FUSION U FS 220;widex
A-000000-02319;Audioprothese WIDEX UNIQUE 220 XP ITE 312;widex
A-000000-02320;Audioprothese WIDEX UNIQUE 220 MICRO CIC;widex
A-000000-02321;Audioprothese WIDEX UNIQUE 220 CIC;widex
